
CREATE TABLE `tr_axe` (
  `axe_id` int(9) NOT NULL,
  `axe_libelle` varchar(255) NOT NULL
) ENGINE=InnoDB DEFAULT CHARSET=utf8mb4 COLLATE=utf8mb4_general_ci;

--
-- Déchargement des données de la table `tr_axe`
--

INSERT INTO `tr_axe` (`axe_id`, `axe_libelle`) VALUES
(2, 'Sabnam'),
(3, 'Ivato'),
(4, 'La haute'),
(6, 'Ambohitrimanjaka'),
(8, 'Ankarobarobato'),
(9, 'Ambatomaity'),
(14, 'Fenoarivo'),
(15, 'Itaosy Hopital'),
(16, 'Itaosy Cité'),
(17, 'Ambohimangakely'),
(18, 'Antsahameva'),
(19, 'Andoharanofotsy'),
(20, 'Ambohijanaka'),
(22, 'Andraisoro'),
(23, 'Ambohimanambola '),
(24, 'Soavimasoandro'),
(25, 'Ambatobe'),
(26, 'Itaosy'),
(27, 'Amboanjobe'),
(29, 'Ampasapito'),
(30, 'Ambohimanala'),
(31, 'Ankatso'),
(39, 'Alasora'),
(48, 'Tsiadana');

--
-- Index pour les tables déchargées
--

--
-- Index pour la table `tr_axe`
--
ALTER TABLE `tr_axe`
  ADD PRIMARY KEY (`axe_id`);

--
-- AUTO_INCREMENT pour les tables déchargées
--

--
-- AUTO_INCREMENT pour la table `tr_axe`
--
ALTER TABLE `tr_axe`
  MODIFY `axe_id` int(9) NOT NULL AUTO_INCREMENT, AUTO_INCREMENT=49;



CREATE TABLE `tr_heuretransport` (
  `heuretransport_id` int(9) NOT NULL,
  `heuretransport_heure` varchar(8) NOT NULL
) ENGINE=InnoDB DEFAULT CHARSET=utf8mb4 COLLATE=utf8mb4_general_ci;

--
-- Déchargement des données de la table `tr_heuretransport`
--

INSERT INTO `tr_heuretransport` (`heuretransport_id`, `heuretransport_heure`) VALUES
(1, '19:00'),
(2, '20:00'),
(3, '21:00'),
(4, '22:00'),
(5, '23:00'),
(6, '00:00'),
(7, '01:00'),
(8, '02:00'),
(9, '03:00'),
(10, '04:00'),
(11, '05:00');

--
-- Index pour les tables déchargées
--

--
-- Index pour la table `tr_heuretransport`
--
ALTER TABLE `tr_heuretransport`
  ADD PRIMARY KEY (`heuretransport_id`);

--
-- AUTO_INCREMENT pour les tables déchargées
--

--
-- AUTO_INCREMENT pour la table `tr_heuretransport`
--
ALTER TABLE `tr_heuretransport`
  MODIFY `heuretransport_id` int(9) NOT NULL AUTO_INCREMENT, AUTO_INCREMENT=12;
COMMIT;


CREATE TABLE `tr_quartier` (
  `quartier_id` int(3) NOT NULL,
  `quartier_libelle` varchar(36) DEFAULT NULL
) ENGINE=InnoDB DEFAULT CHARSET=utf8 COLLATE=utf8_general_ci;

--
-- Déchargement des données de la table `tr_quartier`
--

INSERT INTO `tr_quartier` (`quartier_id`, `quartier_libelle`) VALUES
(1, 'Ambatolampy'),
(2, 'Ambodifasina'),
(3, 'Ambohidava'),
(4, 'Ambohimarina'),
(5, 'Ambohinome'),
(6, 'Anjomakely'),
(7, 'Avarajozoro'),
(8, 'Soavinarivo'),
(9, 'Amboaroy'),
(10, 'Ambohibao'),
(11, 'Ambohijanahary'),
(12, 'Andranoro'),
(13, 'Ankadivory'),
(14, 'Antalamohitra'),
(15, 'Antanetibe'),
(16, 'Antsakambahiny'),
(17, 'Morondava'),
(18, 'Ambodehilahy'),
(19, 'Ambodisaha'),
(20, 'Ambohidratrimo'),
(21, 'Ambohitsiroa Est'),
(22, 'Ambovo'),
(23, 'Ampanataovana'),
(24, 'Antohibe'),
(25, 'Antsimomparihy'),
(26, 'Soamananety'),
(27, 'Ambatolampy Sud'),
(28, 'Ambatolampy Nord'),
(29, 'Ambatomainty'),
(30, 'Ambodivoanjo'),
(31, 'Ambodivona'),
(32, 'Ambohimananjo'),
(33, 'Ampahibe'),
(34, 'Ampanomahitsy'),
(35, 'Ampiriaka'),
(36, 'Andranomahitsy'),
(37, 'Andringitana'),
(38, 'Anosimanjaka'),
(39, 'Antanetibe'),
(40, 'Antsahafoy'),
(41, 'Antsahamarina'),
(42, 'Antsahavolo'),
(43, 'Beloha'),
(44, 'Farahindra'),
(45, 'Fiakarana'),
(46, 'Ikopakely'),
(47, 'Lehilava'),
(48, 'Mahitsy Avaratra'),
(49, 'Mahitsy Firaisana'),
(50, 'Miadana'),
(51, 'Namorana'),
(52, 'Ambatobe'),
(53, 'Ambohibary'),
(54, 'Ambohidreny'),
(55, 'Ambohimiandra'),
(56, 'Ampandrilaza'),
(57, 'Ampangabe'),
(58, 'Anakakondro'),
(59, 'Antanambony'),
(60, 'Falihavana'),
(61, 'Ikianja'),
(62, 'Manjaka Est'),
(63, 'Soamanjaka Nord'),
(64, 'Ambohimanatrika'),
(65, 'Ambohimarina'),
(66, 'Ambohinirina'),
(67, 'Ampataka'),
(68, 'Andranomaitso'),
(69, 'Anjanadoria'),
(70, 'Antamboho'),
(71, 'Antetezankazo'),
(72, 'Bevato'),
(73, 'Madiorano'),
(74, 'Manankasina'),
(75, 'Mandrosoa Est'),
(76, 'Merinavaratra'),
(77, 'Satrokoditra'),
(78, 'Ambatomena'),
(79, 'Ambohipanasina'),
(80, 'Ambohipiara'),
(81, 'Ambohitrinibe'),
(82, 'Ambohitsimeloka'),
(83, 'Ambohitsiroa'),
(84, 'Andrakaja'),
(85, 'Andriampianianana'),
(86, 'Anjanamasina'),
(87, 'Ankazo'),
(88, 'Avarabohitra'),
(89, 'Fiakarana'),
(90, 'Lavahitsiny'),
(91, 'Mandrosoa'),
(92, 'Manjakazafy'),
(93, 'Namontana'),
(94, 'Soamanandray'),
(95, 'Tsarahonenana Ivoanjo'),
(96, 'Tsaramandroso'),
(97, 'Ambanimaso'),
(98, 'Ambatomboahangy'),
(99, 'Ambatombositra'),
(100, 'Ambohiboahangy'),
(101, 'Ambohidranomanga'),
(102, 'Ambohidravaka'),
(103, 'Ambohijatovo'),
(104, 'Ambohitraivo'),
(105, 'Ankadisarotra'),
(106, 'Antanetibe'),
(107, 'Antanety'),
(108, 'Antaninandro'),
(109, 'Antoby Nord'),
(110, 'Antoby Sud'),
(111, 'Antsahamaina'),
(112, 'Bearambola'),
(113, 'Mahazaza'),
(114, 'Merikanjaka'),
(115, 'Miantso'),
(116, 'Ampahimanga'),
(117, 'Antsahafilo'),
(118, 'Diankazo'),
(119, 'Mamory'),
(120, 'Ambatomanana'),
(121, 'Ankododona'),
(122, 'Antanetimboahangy'),
(123, 'Avaratrimanarina'),
(124, 'Avaratsena'),
(125, 'Mahavanona'),
(126, 'Malaza'),
(127, 'Sahalemaka'),
(128, 'Ambodirano'),
(129, 'Andafiavaratra'),
(130, 'Ankadindravola'),
(131, 'Ilaivola'),
(132, 'Ivato A?roport'),
(133, 'Mandrosoa'),
(134, 'Alarobia'),
(135, 'Ambohitsilaizina'),
(136, 'Andranovelona'),
(137, 'Antanetibe'),
(138, 'Mananjara'),
(139, 'Ambohinambo'),
(140, 'Ambohitravao'),
(141, 'Amborompotsy'),
(142, 'Ankadivory'),
(143, 'Faralaza'),
(144, 'Fitroafana'),
(145, 'Imerina Afivoany'),
(146, 'Maibahoaka'),
(147, 'Mamory Miray'),
(148, 'Mandriambero'),
(149, 'Talatamaty'),
(150, 'Tanjondava'),
(151, 'Ambohikely'),
(152, 'Ambohitsoa'),
(153, 'Analamerana'),
(154, 'Anjoma Faliarivo'),
(155, 'Anororo Centre'),
(156, 'Antanimbiazana'),
(157, 'Bemasoandro'),
(158, 'Ambohitsoa'),
(159, 'Ambonierana'),
(160, 'Andrihatsiazo'),
(161, 'Angodongodona'),
(162, 'Anosibe'),
(163, 'Antsahalava'),
(164, 'Est Mahatsinjo'),
(165, 'Tsarazaza'),
(166, 'Vohitsarahasina'),
(167, 'Ambohidraondriana'),
(168, 'Ambohitrakanga'),
(169, 'Ankazo'),
(170, 'Antoribe'),
(171, 'Antotohazo'),
(172, 'Fiankarantsoa'),
(173, 'Ambika'),
(174, 'Andranovelona'),
(175, 'Antanetibe'),
(176, 'Antovotany'),
(177, 'Mandrosoa'),
(178, 'Manjambohitra'),
(179, 'Morarano'),
(180, 'Soalavitra'),
(181, 'Tsinjoarivo'),
(182, 'Alakamisy'),
(183, 'Ambohibary Nord'),
(184, 'Analanakondro'),
(185, 'Andranomadio'),
(186, 'Ankazoandrano'),
(187, 'Sokafana'),
(188, 'Ambatomitsangana'),
(189, 'Ambohitratsery'),
(190, 'Ambohitsaratany'),
(191, 'Amohimandroso'),
(192, 'Andranonahoatra'),
(193, 'Antanambao'),
(194, 'Antsevakely Nord'),
(195, 'Antsevakely Sud'),
(196, 'Betsifasika'),
(197, 'Fieferana Sud'),
(198, 'Marovazaha'),
(199, 'Vohitrandriana'),
(200, 'Ambohimirary'),
(201, 'Amboniakondro Est'),
(202, 'Antanetibe Antsakay'),
(203, 'Beampombo'),
(204, 'Maherirano'),
(205, 'Manakana Vohitraivo'),
(206, 'Amboanonoka'),
(207, 'Ambohimiaramanana'),
(208, 'Ambohimijery'),
(209, 'Ambongabe'),
(210, 'Ambongamarina'),
(211, 'Ambonidriana'),
(212, 'Amborompotsy'),
(213, 'Ampamoha'),
(214, 'Amparihy'),
(215, 'Andreba'),
(216, 'Anosimanarivo'),
(217, 'Antanifotsy'),
(218, 'Bongatsara'),
(219, 'Ambatoasana'),
(220, 'Ambohibarikely'),
(221, 'Ambohijavona'),
(222, 'Ambohimasina'),
(223, 'Ambohimitsinjorano'),
(224, 'Andranomadio'),
(225, 'Andranovelona'),
(226, 'Antanetibe'),
(227, 'Imerimandroso'),
(228, 'Mahatsinjo'),
(229, 'Merinavaratra'),
(230, 'Antanetibe'),
(231, 'Belanitra'),
(232, 'Amboanjobe'),
(233, 'Ambohibary'),
(234, 'Ambohidroa'),
(235, 'Ambohimora'),
(236, 'Ambohitromby'),
(237, 'Andavakambohimanga'),
(238, 'Avarabatovoajanahary'),
(239, 'Fieferana'),
(240, 'Firaisantsoa'),
(241, 'Miantsoarivo'),
(242, 'Sambaina'),
(243, 'soavimbahoaka'),
(244, 'Ambolotarakely'),
(245, 'Ankorohoro'),
(246, 'Anosikely'),
(247, 'Maharidaza'),
(248, 'Manerinerina'),
(249, 'Ambohimaniro'),
(250, 'Ankazonaorina'),
(251, 'Antongonibato'),
(252, 'Antotohazo'),
(253, 'Mangabe'),
(254, 'Ambohipihainana'),
(255, 'Ambohitraina'),
(256, 'Andranofotsifandrosoana'),
(257, 'Andranovelona'),
(258, 'Andriatsibibiarivony'),
(259, 'Antsampanimahazo'),
(260, 'Fihaonana'),
(261, 'Fokontsambo'),
(262, 'Lovasoa'),
(263, 'Madiokororoka'),
(264, 'Manankasina fomami'),
(265, 'Manantenasoa'),
(266, 'Masindray Est'),
(267, 'Sambatra'),
(268, 'Tsaramivondrona'),
(269, 'Tsimialona'),
(270, 'Tsimiamboholahy'),
(271, 'Tsitakondaza'),
(272, 'Amberobe'),
(273, 'Amboanjo'),
(274, 'Ambohijafy'),
(275, 'Ambohimasina'),
(276, 'Mangasoavina'),
(277, 'Sarodrivotra'),
(278, 'Ambodivona'),
(279, 'Ambohimasina'),
(280, 'Ambohimiarina'),
(281, 'Ankadivory'),
(282, 'Antanety II'),
(283, 'Amboatavo'),
(284, 'Ambohimandroso'),
(285, 'Ambohimarina'),
(286, 'Anjanandambony'),
(287, 'Antanjona'),
(288, 'Loharanombato'),
(289, 'Ambohidrapeto'),
(290, 'Antanetibe'),
(291, 'Antsahamasina'),
(292, 'Avaratsena'),
(293, 'Merimandroso'),
(294, 'Ambatolampy'),
(295, 'Ambodiakondro'),
(296, 'Ambohijanaka'),
(297, 'Ankadivola'),
(298, 'Antovontany'),
(299, 'Imerimanjaka'),
(300, 'Lohanosy'),
(301, 'Mahaimandry'),
(302, 'Mandalotsimaka'),
(303, 'Soanavela'),
(304, 'Soaranokely'),
(305, 'Tsilazaina'),
(306, 'Ambodiafontsy'),
(307, 'Ambodizozoro'),
(308, 'Ambohibary'),
(309, 'Ambohimahitsy'),
(310, 'Ambohimangidy'),
(311, 'Ambohipamonjy'),
(312, 'Ampitatafika Vaovao'),
(313, 'Ankaditany'),
(314, 'Atsimombohitra'),
(315, 'Avaratetezana'),
(316, 'Faliarivo'),
(317, 'Malaza'),
(318, 'Soavimbahoaka'),
(319, 'Ambohimanala'),
(320, 'Andoharanofotsy'),
(321, 'Belambanana'),
(322, 'Iavoloha'),
(323, 'Mahabo'),
(324, 'Mahalavolona'),
(325, 'Morarano'),
(326, 'Volotara'),
(327, 'Akany Firaisana'),
(328, 'Akany Sambatra'),
(329, 'Ambaniala'),
(330, 'Ambanilalana'),
(331, 'Ambohimamory'),
(332, 'Andranonahoatra'),
(333, 'Soamiampita'),
(334, 'Ambodivoanjo'),
(335, 'Ambohidavenona'),
(336, 'Ambohimidasy'),
(337, 'Andohalafy'),
(338, 'Andravako'),
(339, 'Antanimenakely'),
(340, 'Ambodivoanjo'),
(341, 'Ambohibahiny'),
(342, 'Ankadilalampotsy'),
(343, 'Ankadinandriana'),
(344, 'Antanetisoa'),
(345, 'Antsahasoa'),
(346, 'Ifarihy'),
(347, 'Ambanimaso'),
(348, 'Ambodivona'),
(349, 'Ampefiloha'),
(350, 'Ankazotoho'),
(351, 'Antananabony'),
(352, 'Antandrokomby'),
(353, 'Antokotanitsara'),
(354, 'Amboasary'),
(355, 'Ambohitsitakatra'),
(356, 'Amjoma'),
(357, 'Ampanataovana'),
(358, 'Ampanosoa'),
(359, 'Ampany'),
(360, 'Ampefiloha'),
(361, 'Andranofotsy'),
(362, 'Antakiaka'),
(363, 'Antamboaka'),
(364, 'Antanetikely'),
(365, 'Lohanosy'),
(366, 'Manjaka'),
(367, 'Ambodiamberivatry'),
(368, 'Ambohidahy'),
(369, 'Ambohijafy'),
(370, 'Anosimasina'),
(371, 'Antanety'),
(372, 'Bemasoandro'),
(373, 'Ambahijatovo'),
(374, 'Ambaniavaratra'),
(375, 'Ambatomilona'),
(376, 'Ambohidrazana'),
(377, 'Ambohijafy'),
(378, 'Ampefiloha'),
(379, 'Andrefakady Ambonisaha'),
(380, 'Firavahana'),
(381, 'Madiomanana'),
(382, 'Soavinimerina'),
(383, 'Tampotanana'),
(384, 'Tsarahonenana'),
(385, 'Andranovaky'),
(386, 'Anosivita Boina'),
(387, 'Antsahakely'),
(388, 'Marobiby'),
(389, 'Vonelina'),
(390, 'Ambodifasina'),
(391, 'Ambohiparaky'),
(392, 'Anjakaivo'),
(393, 'Avarabohitra'),
(394, 'Itaosy'),
(395, 'Tsarazaza'),
(396, 'Ambanivohitra'),
(397, 'Ambihivihy'),
(398, 'Analapanga'),
(399, 'Soavina'),
(400, 'Vahilava'),
(401, 'Ambohimanatrika Mivoatra'),
(402, 'Andafiatsimo Mijoro'),
(403, 'Ankeniheny Miray Hina'),
(404, 'Tanjombato Iraitsimivaky'),
(405, 'Tongarivo Mandroso'),
(406, 'Ambatofotsy Gara'),
(407, 'Ambatolokanga'),
(408, 'Ambohaja'),
(409, 'Ambohibololona'),
(410, 'Ambohikely'),
(411, 'Ambohimiadana Nord'),
(412, 'Andrefandrano'),
(413, 'Ankazobe'),
(414, 'Ankorondrano'),
(415, 'Avarabohitra'),
(416, 'Masomboay'),
(417, 'Soamanandray'),
(418, 'Soavina'),
(419, 'Tsiafahy'),
(420, 'Vatovaky'),
(421, 'Akazobe'),
(422, 'Alasora'),
(423, 'Ambatomalaza'),
(424, 'Amboaroy'),
(425, 'Ambodivoanjo'),
(426, 'Ambodivondava'),
(427, 'Ambohidrazaka'),
(428, 'Ambohimarina'),
(429, 'Ambohitanety'),
(430, 'Ambohitromby'),
(431, 'Ampahibato'),
(432, 'Ankadiaivo'),
(433, 'Ankadindratombo'),
(434, 'Mahatsinjo'),
(435, 'Mahazoarivo'),
(436, 'Mahitsy'),
(437, 'Mandikanamana'),
(438, 'Mendrikolovana'),
(439, 'Miadana'),
(440, 'Sud Ambohipo'),
(441, 'Ambatofotsy'),
(442, 'Ambatomalaza'),
(443, 'Ambohimalaza Miray'),
(444, 'Ambohitrandriana'),
(445, 'Ambohitremo'),
(446, 'Andranonomby'),
(447, 'Andranosoa'),
(448, 'Antentona'),
(449, 'Fiadanana'),
(450, 'Mahia'),
(451, 'Masombahiny'),
(452, 'Sud Ambohidray'),
(453, 'Ambohibato'),
(454, 'Ambohimahatsinjo'),
(455, 'Ambohimanambola'),
(456, 'Ambohimanambola Gara'),
(457, 'Ambohipeno'),
(458, 'Ampahimanga'),
(459, 'Andranomanonga'),
(460, 'Antanetibe'),
(461, 'Iharamy'),
(462, 'Tanjonandriana'),
(463, 'Ambohidehilahy'),
(464, 'Ambohimahitsy'),
(465, 'Ambohimangakely'),
(466, 'Ambohipiainana'),
(467, 'Ambohitrombihavana'),
(468, 'Amoronankona'),
(469, 'Andranovao'),
(470, 'Ankadindambo'),
(471, 'Antanambao'),
(472, 'Antanetibe Ikianja'),
(473, 'Behitsy'),
(474, 'Betafo'),
(475, 'Betsizaraina'),
(476, 'Ikianja'),
(477, 'Soamanandrariny'),
(478, 'Soanierana'),
(479, 'Tsarahasina'),
(480, 'Ambohibe'),
(481, 'Ambohipanja'),
(482, 'Ambohitraina'),
(483, 'Ambohitrarahaba'),
(484, 'Andafiavaratra'),
(485, 'Andranovelona'),
(486, 'Andrononobe'),
(487, 'Ankadikely'),
(488, 'Antanandrano'),
(489, 'Antsahamarofoza'),
(490, 'Antsampandrano'),
(491, 'Belanitra'),
(492, 'Ilafy'),
(493, 'Manazary'),
(494, 'Mandrosoa'),
(495, 'Manjaka'),
(496, 'Masinandriana'),
(497, 'Ambohijato'),
(498, 'Ambohimahatsinjo'),
(499, 'Ambohitraina'),
(500, 'Ambohitromby'),
(501, 'Ambohitsararay'),
(502, 'Ampahitrosy'),
(503, 'Andranomonina'),
(504, 'Andranovelona'),
(505, 'Andraravola'),
(506, 'Andriampamaky'),
(507, 'Ankadinandriana'),
(508, 'Antanetibe'),
(509, 'Antanimarina'),
(510, 'Fihasinana'),
(511, 'Miorinkapoza'),
(512, 'Morarano'),
(513, 'Soamonina'),
(514, 'Ambotrinimanga'),
(515, 'Anosy avaratra'),
(516, 'Faravohitra'),
(517, 'Isahafa'),
(518, 'Lazaina'),
(519, 'Aminampanga'),
(520, 'Ampanobe'),
(521, 'Antanamalaza'),
(522, 'Antanimenabe'),
(523, 'Antsaharoaloha'),
(524, 'Faliarivo'),
(525, 'Ivoara'),
(526, 'Manazary'),
(527, 'Masindray'),
(528, 'Miadamanjaka II'),
(529, 'Tsarahonenana'),
(530, 'Ambatofotsy'),
(531, 'Ambodivona'),
(532, 'Ambohibary'),
(533, 'Ambohidrano Ouest'),
(534, 'Ambohinaorina'),
(535, 'Amorondria'),
(536, 'Andidina'),
(537, 'Andrefantsena'),
(538, 'Antsahatsiresy'),
(539, 'Antsofinondry'),
(540, 'Atsinanantsena'),
(541, 'Beravina'),
(542, 'Botona'),
(543, 'Manarintsoa'),
(544, 'Namehana'),
(545, 'Soaniadanana'),
(546, 'Tsarafara'),
(547, 'Ambatovikinina'),
(548, 'Ambohibao Sud'),
(549, 'Ambohitra'),
(550, 'Ankazotokana Nord'),
(551, 'Antanimenakely'),
(552, 'Atsimonanosy'),
(553, 'Moramena'),
(554, 'Ambohibary Nord'),
(555, 'Ambohijanaka'),
(556, 'Ambohitrony'),
(557, 'Ampiadianombalahy'),
(558, 'Andriampamaky'),
(559, 'Ambohimiara Sud'),
(560, 'Ambohitantara'),
(561, 'Ambohitseheno'),
(562, 'Ambohitsoa'),
(563, 'Antsampandrano'),
(564, 'Ifalimanjaka'),
(565, 'Nanjakana'),
(566, 'Sedia'),
(567, 'Soamanandray'),
(568, 'Tsarazaza'),
(569, 'Tsifenokova'),
(570, 'Volazato'),
(571, 'Ambodivona'),
(572, 'Ambohibary'),
(573, 'Anjepy'),
(574, 'Anjozoro'),
(575, 'Antananarivokely'),
(576, 'Antanetibe Nord'),
(577, 'Antanetibe Sud'),
(578, 'Manakavaly'),
(579, 'Mandritsara'),
(580, 'Miarina'),
(581, 'Soamalaza'),
(582, 'Tsarahonenana'),
(583, 'Ambohitsararay'),
(584, 'Ampiadanana'),
(585, 'Anerinerina'),
(586, 'Anjomakely'),
(587, 'Antatamo'),
(588, 'Betoho'),
(589, 'Manakambahiny'),
(590, 'Ambatobe'),
(591, 'Ambatomasina'),
(592, 'Ambohidanerana'),
(593, 'Ambohidava Sud'),
(594, 'Ambohijafy'),
(595, 'Ankadinanahary'),
(596, 'Antanetibe'),
(597, 'Antsahalalina'),
(598, 'Ambahinia'),
(599, 'Ambohidraisolo'),
(600, 'Ambohidraondriana'),
(601, 'Ambohijafy Est'),
(602, 'Antanimasaka'),
(603, 'Antanitsara'),
(604, 'Falefika centre'),
(605, 'Merikanjaka'),
(606, 'Miarinarivo'),
(607, 'Tsiazompaniry'),
(608, 'Ambohijafy'),
(609, 'Ambohimiadana'),
(610, 'Ambohimifangitra Est'),
(611, 'Ambohitravao'),
(612, 'Angavokely'),
(613, 'Ankadiefajoro'),
(614, 'Ankadivory'),
(615, 'Carion'),
(616, 'Farariana'),
(617, 'Maharidaza'),
(618, 'Nanelezana'),
(619, '67 ha Afivoany Andrefana'),
(620, '67 ha Atsimo'),
(621, '67 ha Avaratra Andrefana'),
(622, '67 ha Avaratra Atsinanana'),
(623, 'Ambalavao Isotry'),
(624, 'Ambatomena Amboasarikely'),
(625, 'Ambatovinaky'),
(626, 'Ambohitsorohitra-Analakely'),
(627, 'Ampandrana Ankadivato'),
(628, 'Amparibe - Ambohidahy - Mahamasina'),
(629, 'Anatihazo Isotry'),
(630, 'Andavamamba Anatihazo 1'),
(631, 'Andavamamba Anatihazo 2'),
(632, 'Andavamamba Anjezika 1'),
(633, 'Andavamamba Anjezika 2'),
(634, 'Andohatapenaka 1'),
(635, 'Andohatapenaka 2'),
(636, 'Andohatapenaka 3'),
(637, 'Andranomanalina 1'),
(638, 'Andranomanalina Afivoany'),
(639, 'Andranomanalina Isotry'),
(640, 'Ankasina'),
(641, 'Antanimalalaka Analakely'),
(642, 'Antetezana Afivoany I'),
(643, 'Antetezana Afivoany II'),
(644, 'Antohomadinika Afivoany'),
(645, 'Antohomadinika Atsimo'),
(646, 'Antohomadinika Avaratra'),
(647, 'Antohomadinika FAAMI'),
(648, 'Antohomadinika IIIG Hangar'),
(649, 'Avaratetezana Bekiraro'),
(650, 'Cité Ambodinisotry'),
(651, 'Cité Ampefiloha'),
(652, 'Faravohitra Ambony'),
(653, 'Faravohitra Mandrosoa'),
(654, 'Isoraka-Ampatsakana-Ambalavao'),
(655, 'Isotry Atsinana-Tsaralalana (FIATA)'),
(656, 'Lalamby sy ny manodidina'),
(657, 'Manarintsoa Afivoany'),
(658, 'Manarintsoa Anatihazo'),
(659, 'Manarintsoa Atsinanana'),
(660, 'Manarintsoa Isotry'),
(661, 'Soarano Ambondrona Ambodifilao'),
(662, 'Soarano Ambondrona Tsiazotafo'),
(663, 'Ambanidia-Faliarivo'),
(664, 'Ambanidia-Miandrarivo'),
(665, 'Ambanidia-Volosarika'),
(666, 'Ambatoroka'),
(667, 'Ambohidraserika-Mahazoarivo'),
(668, 'Ambohimiandra-Fenomanana-'),
(669, 'Ambohipo Cité-Ambohipo Tanàna-'),
(670, 'Ambohipotsy-Ambohimitsimbina-'),
(671, 'Ambohitsiroa VN'),
(672, 'Ambohitsoa-Ankazolava-Ivanja'),
(673, 'Ambolokandrina-Antsahamamy-'),
(674, 'Ampamatanana-Androndrabe-'),
(675, 'Andafiavaratra-Ambavahadimitafo-'),
(676, 'Andohamandry'),
(677, 'Andohanimandroseza-Ambohibato-'),
(678, 'Androndrakely-Saropody-Antonta'),
(679, 'Ankazotokana Ambony'),
(680, 'Antanimora-Ampasanimalo'),
(681, 'Antsahabe-Ankorahotra-Ankazotokana'),
(682, 'Manakambahiny-Ambatomaro-'),
(683, 'Mandroseza Afivoany-Mandroseza'),
(684, 'Manjakamiadana-Antsahondra-'),
(685, 'Morarano-Andrangaranga-Ambatolava'),
(686, 'Tsiadana'),
(687, 'Ambatomitsangana'),
(688, 'Ambodivona-Ankadifotsy'),
(689, 'Ambohibary-Antanimena'),
(690, 'Ambohitrakely'),
(691, 'Ampahibe'),
(692, 'Ampandrana andrefana'),
(693, 'Ampandrana atsinanana'),
(694, 'Ampandrana-Besarety'),
(695, 'Andravoahangy andrefana'),
(696, 'Andravoahangy atsinanana'),
(697, 'Andravoahangy tsena'),
(698, 'Ankadifotsy Antanifotsy'),
(699, 'Ankaditapaka avaratra'),
(700, 'Ankadivato II L'),
(701, 'Ankazomanga Andraharo'),
(702, 'Ankorondrano andrefana'),
(703, 'Ankorondrano atsinanana'),
(704, 'Ankorondrano-Andranomahery'),
(705, 'Antanimena'),
(706, 'Antaninandro-Ampandrana'),
(707, 'Antsakaviro-Ambodirotra'),
(708, 'Avaradoha'),
(709, 'Befelatanana-Ankadifotsy'),
(710, 'Behoririka'),
(711, 'Behoririka-Ambatomitsangana'),
(712, 'Behoririka-Ankaditapaka'),
(713, 'Besarety'),
(714, 'Betongolo'),
(715, 'Mahavoky'),
(716, 'Mandialaza-Ambatomitsangana'),
(717, 'Mandialaza-Ambodivona'),
(718, 'Mandialaza-Ankadifotsy'),
(719, 'Soavinandriana'),
(720, 'Tsaramasay'),
(721, 'Ambaninampamarinana'),
(722, 'Ampangabe Anjanakinifolo'),
(723, 'Ampefiloha Ambodirano'),
(724, 'Andavamamba Ambilanibe'),
(725, 'AndrefanAmbohijanahary III G, III M'),
(726, 'AndrefanAnkadimbahoaka'),
(727, 'Andrefani Mananjara'),
(728, 'Angarangarana'),
(729, 'Ankadilalana'),
(730, 'Ankaditoho-Marohoho'),
(731, 'Ankazotoho-Anosimahavelona'),
(732, 'Anosibe Ambohibarikely'),
(733, 'Anosibe andrefana I'),
(734, 'Anosibe andrefana II'),
(735, 'Anosipatrana andrefana'),
(736, 'Anosipatrana atsinanana'),
(737, 'Anosizato est I'),
(738, 'Anosizato est II'),
(739, 'Fiadanana III L'),
(740, 'Fiadanana III N'),
(741, 'Ilanivato Ampasika'),
(742, 'Ivolaniray'),
(743, 'Mahamasina sud'),
(744, 'Mananjara'),
(745, 'Mandrangobato I'),
(746, 'Mandrangobato II'),
(747, 'Namontana Madera'),
(748, 'Ouest Ambohijanahary III H, III O'),
(749, 'Soanierana III I'),
(750, 'Soanierana III J'),
(751, 'Tsarafaritra'),
(752, 'Tsimialonjafy'),
(753, 'Ambatobe'),
(754, 'Ambatokaranana'),
(755, 'Ambatomainty'),
(756, 'Ambatomaro Antsobolo'),
(757, 'Ambatomitsangana-Andrainalefy-'),
(758, 'Amboditsiry'),
(759, 'Ambodivoanjo-Ambohijatovo-Farango'),
(760, 'Ambohidahy'),
(761, 'Ambohimirary'),
(762, 'Amboniloha'),
(763, 'Ampanotokana'),
(764, 'Analamahitsy Cité'),
(765, 'Analamahitsy Tanàna'),
(766, 'Andraisoro'),
(767, 'Anjanahary II A'),
(768, 'Anjanahary II N'),
(769, 'Anjanahary II O'),
(770, 'Anjanahary II S'),
(771, 'Ankerana-Ankadindramamy'),
(772, 'Ivandry'),
(773, 'Manjakaray II B'),
(774, 'Manjakaray II C'),
(775, 'Manjakaray II D'),
(776, 'Morarano'),
(777, 'Nanisana Iadiambola'),
(778, 'Soavimasoandro'),
(779, 'Tsarahonenana'),
(780, 'Ambaravarankazo'),
(781, 'Ambatolampy'),
(782, 'Amboavahy'),
(783, 'Ambodihady'),
(784, 'Ambodimita'),
(785, 'Ambodivona'),
(786, 'Ambodivonakely'),
(787, 'Ambohidroa'),
(788, 'Ambohimanandray'),
(789, 'Ambohimandroso'),
(790, 'Ambohimiadana atsimo'),
(791, 'Ambohimiadana avaratra'),
(792, 'Ambohimitsinjo'),
(793, 'Amorona'),
(794, 'Ampandriambehivavy'),
(795, 'Ampefiloha Ankeniheny'),
(796, 'Andraharo'),
(797, 'Andranomena'),
(798, 'Anjanakomboro'),
(799, 'Ankazomanga atsimo'),
(800, 'Anosisoa'),
(801, 'Anosivavaka'),
(802, 'Antanety avaratra'),
(803, 'Antanety sud'),
(804, 'Antanjombe ambony'),
(805, 'Antanjombe avaratra'),
(806, 'Antsararay'),
(807, 'Avaratanana'),
(808, 'Avaratetezana'),
(809, 'Betafo'),
(810, 'Zaivola Anosibe');

--
-- Index pour les tables déchargées
--

--
-- Index pour la table `tr_quartier`
--
ALTER TABLE `tr_quartier`
  ADD PRIMARY KEY (`quartier_id`);
COMMIT;



CREATE TABLE `t_axeheure` (
  `heureaxe_id` int(3) NOT NULL,
  `heureaxe_axe` int(3) DEFAULT NULL,
  `heureaxe_heure` int(3) DEFAULT NULL
) ENGINE=InnoDB DEFAULT CHARSET=utf8 COLLATE=utf8_general_ci;

--
-- Déchargement des données de la table `t_axeheure`
--

INSERT INTO `t_axeheure` (`heureaxe_id`, `heureaxe_axe`, `heureaxe_heure`) VALUES
(1, 6, 1),
(2, 2, 1),
(3, 3, 1),
(4, 4, 1),
(5, 6, 1),
(6, 8, 1),
(7, 9, 1),
(8, 2, 2),
(9, 14, 2),
(10, 15, 2),
(11, 16, 2),
(12, 17, 2),
(13, 18, 2),
(14, 19, 2),
(15, 20, 2),
(16, 6, 2),
(17, 22, 2),
(18, 23, 2),
(19, 24, 2),
(20, 25, 3),
(21, 26, 3),
(22, 27, 3),
(23, 3, 4),
(24, 29, 4),
(25, 30, 4),
(26, 31, 5),
(27, 3, 5),
(29, 39, 1),
(30, 39, 2),
(31, 19, 1),
(32, 48, 1),
(35, 14, 2),
(36, 22, 2),
(38, 26, 1),
(40, 3, 3),
(42, 2, 3),
(43, 22, 8),
(44, 14, 10),
(45, 17, 6),
(46, 17, 9);

--
-- Index pour les tables déchargées
--

--
-- Index pour la table `t_axeheure`
--
ALTER TABLE `t_axeheure`
  ADD PRIMARY KEY (`heureaxe_id`);

--
-- AUTO_INCREMENT pour les tables déchargées
--

--
-- AUTO_INCREMENT pour la table `t_axeheure`
--
ALTER TABLE `t_axeheure`
  MODIFY `heureaxe_id` int(3) NOT NULL AUTO_INCREMENT, AUTO_INCREMENT=47;
COMMIT;


CREATE TABLE `t_transportuser` (
  `transportuser_id` int(9) NOT NULL,
  `transportuser_heure` int(9) NOT NULL,
  `transportuser_axe` int(9) NOT NULL,
  `transportuser_quartier` varchar(255) NOT NULL,
  `transportuser_user` int(9) NOT NULL,
  `transportuser_date` datetime NOT NULL,
  `transportuser_status` int(2) NOT NULL
) ENGINE=InnoDB DEFAULT CHARSET=utf8mb4 COLLATE=utf8mb4_general_ci;

--
-- Déchargement des données de la table `t_transportuser`
--

INSERT INTO `t_transportuser` (`transportuser_id`, `transportuser_heure`, `transportuser_axe`, `transportuser_quartier`, `transportuser_user`, `transportuser_date`, `transportuser_status`) VALUES
(47, 2, 24, '', 46, '2024-02-20 17:45:00', 0),
(48, 1, 3, 'Ambodifilaho', 2, '2024-02-20 17:48:00', 0),
(49, 1, 3, 'Ambohidahy', 46, '2024-02-21 16:19:00', 0),
(50, 0, 0, '', 239, '2024-02-21 17:45:00', 0),
(51, 3, 26, 'Ambaniala', 238, '2024-02-21 18:17:00', 0),
(52, 1, 6, 'Ambanidia', 239, '2024-02-21 18:19:00', 6),
(53, 1, 3, 'Ivato', 864, '2024-02-21 18:38:00', 0),
(54, 3, 26, 'Ambaniala', 46, '2024-02-22 12:54:00', 0),
(55, 0, 0, '', 2, '2024-02-22 17:09:00', 0),
(56, 1, 4, 'Ambaniala', 239, '2024-02-23 15:58:00', 4),
(57, 6, 0, 'Ambanidia', 46, '2024-02-26 15:12:00', 0),
(58, 4, 29, 'Amboditsiry', 46, '2024-02-26 16:15:00', 29),
(59, 1, 4, 'Ambanidia', 239, '2024-02-26 16:36:00', 4),
(60, 5, 3, 'Ambanidia', 238, '2024-02-26 18:33:00', 3),
(61, 2, 31, 'Antaninarenina', 2, '2024-02-26 18:57:00', 0),
(65, 2, 2, 'Anjanahary II N', 2, '2024-02-27 11:28:00', 2),
(66, 1, 26, 'Mahazoarivo', 238, '2024-02-27 11:54:00', 26),
(67, 4, 14, '67 ha Afivoany Andrefana', 239, '2024-02-27 11:59:00', 0),
(68, 1, 3, 'Ambanidia-Faliarivo', 46, '2024-02-28 10:18:00', 3),
(69, 2, 2, 'Ambanidia-Faliarivo', 46, '2024-03-12 18:53:00', 0),
(70, 1, 2, 'Ambanidia-Faliarivo', 46, '2024-03-13 10:15:00', 0),
(71, 1, 6, 'Mahazoarivo', 238, '2024-03-13 15:14:00', 0),
(72, 1, 9, 'Amoronankona', 562, '2024-03-14 09:22:00', 0),
(73, 1, 48, 'Ambanidia-Faliarivo', 238, '2024-03-15 18:29:00', 48),
(74, 1, 18, 'Ambanidia-Faliarivo', 238, '2024-03-18 10:46:00', 0),
(75, 1, 19, 'Tongarivo Mandroso', 242, '2024-03-18 11:10:00', 0),
(76, 1, 16, 'Ambanidia-Faliarivo', 824, '2024-03-18 11:39:00', 0),
(78, 1, 9, 'Ambatolampy', 2, '2024-03-18 12:57:00', 0);

--
-- Index pour les tables déchargées
--

--
-- Index pour la table `t_transportuser`
--
ALTER TABLE `t_transportuser`
  ADD PRIMARY KEY (`transportuser_id`);

--
-- AUTO_INCREMENT pour les tables déchargées
--

--
-- AUTO_INCREMENT pour la table `t_transportuser`
--
ALTER TABLE `t_transportuser`
  MODIFY `transportuser_id` int(9) NOT NULL AUTO_INCREMENT, AUTO_INCREMENT=79;
COMMIT;


CREATE TABLE `t_axequartier` (
  `axequartier_id` int(9) NOT NULL,
  `axequartier_axe` int(9) NOT NULL,
  `axequartier_fokontany` int(9) NOT NULL
) ENGINE=InnoDB DEFAULT CHARSET=utf8mb4 COLLATE=utf8mb4_general_ci;

--
-- Déchargement des données de la table `t_axequartier`
--

INSERT INTO `t_axequartier` (`axequartier_id`, `axequartier_axe`, `axequartier_fokontany`) VALUES
(67, 7, 1),
(68, 7, 2),
(69, 7, 3),
(70, 7, 4),
(71, 7, 5),
(72, 7, 6),
(73, 7, 7),
(74, 7, 8),
(75, 7, 9),
(76, 7, 10),
(77, 7, 11),
(78, 7, 12),
(79, 7, 13),
(80, 7, 14),
(81, 7, 15),
(82, 45, 90),
(83, 45, 1),
(84, 45, 2),
(85, 45, 3),
(86, 45, 4);

--
-- Index pour les tables déchargées
--

--
-- Index pour la table `t_axequartier`
--
ALTER TABLE `t_axequartier`
  ADD PRIMARY KEY (`axequartier_id`),
  ADD KEY `axequartier_axe` (`axequartier_axe`);

--
-- AUTO_INCREMENT pour les tables déchargées
--

--
-- AUTO_INCREMENT pour la table `t_axequartier`
--
ALTER TABLE `t_axequartier`
  MODIFY `axequartier_id` int(9) NOT NULL AUTO_INCREMENT, AUTO_INCREMENT=87;

--
-- Contraintes pour les tables déchargées
--

--
-- Contraintes pour la table `t_axequartier`
--
ALTER TABLE `t_axequartier`
  ADD CONSTRAINT `t_axequartier_ibfk_1` FOREIGN KEY (`axequartier_axe`) REFERENCES `t_axeheure` (`heureaxe_id`) ON DELETE CASCADE ON UPDATE CASCADE;
COMMIT;




ALTER TABLE `t_usersuppl` ADD `usersuppl_isRespTransport` INT(1) NULL DEFAULT NULL AFTER `usersuppl_iscadreIT`;









